{"coef": [10202.141711750317, 53692.70821417539], "intercept": -6634452.473991118}